"cluster_id","opinion_id","case_name","citation","docket_number","date_filed","court_level","district","district_signal","district_confidence","panel","vote","issue_tags","issue_tags_secondary","canon_invoked","proposal_outcome","fee_disposition","conflict_certified","statute_version","rule_version","subsequent_history","cite_count","category","read_status"
"5097034","4914502","Kennedy v. State","31 Fla. 428","","1893-01-15","supreme","","","","unknown","unknown","unknown","","unknown","unknown","unknown","unknown","unknown","unknown","","1","B","unread"
"1815658","1815658","In Re the Florida Bar","265 So. 2d 21","42218-A","1972-07-26","supreme","","","","unknown","unknown","unknown","","unknown","unknown","unknown","unknown","unknown","unknown","","11","A","unread"
"7578157","7506489","Florida Bar","391 So. 2d 165","58986","1980-10-09","supreme","","","","unknown","unknown","unknown","","unknown","unknown","unknown","unknown","unknown","unknown","","0","A","unread"
"1841419","1841419","Parker v. State","456 So. 2d 436","61512","1984-09-06","supreme","","","","unknown","unknown","unknown","","unknown","unknown","unknown","unknown","unknown","unknown","","18","B","unread"
"1946666","1946666","CU Associates, Inc. v. RB Grove, Inc.","472 So. 2d 1177","66045","1985-07-11","supreme","","","","unknown","unknown","unknown","","unknown","unknown","unknown","unknown","unknown","unknown","","19","C","unread"
"1743354","1743354","Cheek v. McGowan Elec. Supply Co.","511 So. 2d 977","68563","1987-07-16","supreme","","","","unknown","unknown","unknown","","unknown","unknown","unknown","unknown","unknown","unknown","","70","C","unread"
"7631000","7563131","In re Proposed Rules for Implementation of Fla. Stat. ss 44.301-.306","518 So. 2d 908","71312","1987-12-31","supreme","","","","unknown","unknown","unknown","","unknown","unknown","unknown","unknown","unknown","unknown","","0","A","unread"
"1745639","1745639","Fixel Enterprises, Inc. v. Theis","524 So. 2d 1015","70704","1988-05-12","supreme","","","","unknown","unknown","unknown","","unknown","unknown","unknown","unknown","unknown","unknown","","4","C","unread"
"7644473","7577501","Fla. Bar re Amendment to Rules of Civil Procedure, Rule 1.442","550 So. 2d 442","73263","1989-07-27","supreme","","","","Per curiam; Ehrlich, C.J., Overton, McDonald, Shaw, Barkett, Grimes, Kogan, JJ. Unanimous","9-0","","","unknown","unknown","unknown","","unknown","unknown","replaced rule 1.442 eff. Jan. 1, 1990","1","A","read"
"1670587","1670587","Unicare Health Facilities, Inc. v. Mort","553 So. 2d 159","73638","1989-11-02","supreme","","","","Barkett, J.; Ehrlich, C.J., Overton, McDonald, Shaw, Grimes, Kogan, JJ. Unanimous","9-0","1;8","","unknown","unknown","unknown","unknown","unknown","unknown","","23","C","read"
"1707514","1707514","Aspen v. Bayless","564 So. 2d 1081","75107, 75559","1990-07-26","supreme","","","","McDonald, J.; Shaw, C.J., Overton, Ehrlich, Barkett, Grimes, Kogan, JJ. Unanimous","9-0","","1;9","unknown","unknown","unknown","unknown","unknown","unknown","","58","C","read"
"7655972","7589716","Van Deventer v. Brown","575 So. 2d 1293","76229","1991-03-21","supreme","","","","unknown","unknown","unknown","","unknown","unknown","unknown","unknown","unknown","unknown","","0","C","unread"
"1874445","1874445","In Re Estate of Platt","586 So. 2d 328","74793","1991-10-03","supreme","","","","unknown","unknown","unknown","","unknown","unknown","unknown","unknown","unknown","unknown","","41","C","unread"
"1769501","1769501","Leapai v. Milton","595 So. 2d 12","76241","1992-01-23","supreme","","","","Overton, J.; Shaw, C.J., McDonald, Barkett, Grimes, Kogan, JJ. Unanimous","7-0","7","6","unknown","unknown","unknown","unknown","unknown","unknown","","29","C","read"
"1702522","1702522","In Re Amendments to Fla. Rules Civ. Proc.","604 So. 2d 1110","79613","1992-07-16","supreme","","","","unknown","unknown","unknown","","unknown","unknown","unknown","unknown","unknown","unknown","","15","A","unread"
"1842760","1842760","Timmons v. Combs","608 So. 2d 1","78272","1992-10-22","supreme","","","","Grimes, J.; Barkett, C.J., McDonald, Shaw, Kogan, Harding, JJ. Overton, J., concurring, joined by McDonald, J. Plus Supplemental Order, Oct. 22, 1992","7-0","","5","unknown","unknown","unknown","unknown","unknown","unknown","Supplemental Order Oct. 22, 1992","66","C","read"
"1925102","1925102","Metropolitan Dade County v. Jones Boatyard, Inc.","611 So. 2d 512","79253","1993-01-07","supreme","","","","Kogan, J.; Barkett, C.J., McDonald, Shaw, Grimes, Harding, JJ., concur. Overton, J., dissents without opinion","6-1","7","","unknown","unknown","unknown","unknown","unknown","unknown","ratifies Mudano","18","C","read"
"1617274","1617274","Fabre v. Marin","623 So. 2d 1182","79869, 79870","1993-08-26","supreme","","","","Grimes, J.; Overton, McDonald, Shaw, Harding, JJ., concur. Barkett, C.J., dissenting, joined by Kogan, J.","5-2","3","","unknown","unknown","unknown","unknown","unknown","unknown","","186","X","read"
"1782015","1782015","State Farm Mut. Auto. Ins. Co. v. Malmberg","639 So. 2d 615","82468","1994-07-07","supreme","","","","unknown","unknown","unknown","","unknown","unknown","unknown","unknown","unknown","unknown","","4","C","unread"
"1715682","1715682","TGI Friday's, Inc. v. Dvorak","663 So. 2d 606","83811","1995-08-24","supreme","","","","Overton, J.; Grimes, C.J., Kogan, Harding, JJ., concur. Shaw, J., concurs in result only. Wells, J., concurs in part and dissents in part. Anstead, J., recused","unknown","1;2;6;7","","unknown","unknown","unknown","unknown","unknown","unknown","rehearing denied Nov. 27, 1995","106","C","read"
"1725730","1725730","Hannah v. Newkirk","675 So. 2d 112","85946","1996-06-06","supreme","","","","Harding, J.; Kogan, C.J., Overton, Shaw, Anstead, JJ., concur. Grimes, J., concurring. Wells, J., concurring in part and dissenting in part","unknown","1;6;9","","unknown","unknown","unknown","unknown","unknown","unknown","","7","C","read"
"1725782","1725782","Knealing v. Puleo","675 So. 2d 593","85849","1996-06-20","supreme","","","","Wells, J.; Kogan, C.J., Shaw, Grimes, Harding, Anstead, JJ. Overton, J., dissents without opinion","6-1","10","","unknown","unknown","unknown","unknown","unknown","unknown","","16","C","read"
"1686825","1686825","In re Amendments to Fla. Rules of Civ. Proc.","682 So. 2d 105","87689, 88015","1996-10-31","supreme","","","","unknown","unknown","3","","unknown","unknown","unknown","","unknown","unknown","source of rule 1.442(c)(3) and the Fabre committee note","29","A","read"
"1843592","1843592","Gulliver Academy, Inc. v. Bodek","694 So. 2d 675","86652","1997-02-06","supreme","","","","Wells, J.; Overton, Shaw, Grimes, Harding, Anstead, JJ. Unanimous","6-0","10","","unknown","unknown","unknown","unknown","unknown","unknown","","16","C","read"
"1799433","1799433","MX Investments, Inc. v. Crawford","700 So. 2d 640","89623","1997-09-04","supreme","","","","Wells, J.; Kogan, C.J., Overton, Shaw, Grimes, Harding, Anstead, JJ. Unanimous","7-0","5;9","","unknown","unknown","unknown","unknown","unknown","unknown","","24","C","read"
"1671070","1671070","Allstate Ins. Co. v. Manasse","707 So. 2d 1110","89366","1998-01-15","supreme","","","","unknown","unknown","unknown","","unknown","unknown","unknown","unknown","unknown","unknown","","77","C","unread"
"1846806","1846806","MGR Equipment Corp. v. Wilson Ice Enterprises, Inc.","731 So. 2d 1262","92,655","1999-03-25","supreme","","","","Shaw, J.; Harding, C.J., Wells, Lewis, Quince, JJ., concur. Pariente, J., specially concurring, joined by Anstead, J.","5-0","4","5;8","unknown","unknown","unknown","unknown","unknown","unknown","","17","C","read"
"1770539","1770539","Rollins v. Pizzarelli","761 So. 2d 294","SC92080","2000-05-04","supreme","","","","Per curiam on rehearing (Feb. 4, 1999 opinion withdrawn). Anstead, Pariente, Lewis, Quince concur. Harding, C.J., dissents with Wells, J.; Wells, J., dissents separately; Shaw, J., dissents","4-3","","9","unknown","unknown","unknown","unknown","unknown","unknown","opinion on rehearing; original withdrawn","121","C","read"
"7797237","7737432","Amendments to the Florida Rules of Civil Procedure","773 So. 2d 1098","SC00-730","2000-10-05","supreme","","","","unknown","unknown","unknown","","unknown","unknown","unknown","unknown","unknown","unknown","","0","A","unread"
"1102697","1102697","Pirelli Armstrong Tire Corp. v. Jensen","777 So. 2d 973","SC00-833","2001-02-08","supreme","","","","unknown","unknown","unknown","","unknown","unknown","unknown","unknown","unknown","unknown","","12","C","unread"
"1878364","1878364","Metropolitan Dade County v. Hall","784 So. 2d 1087","SC00-1647","2001-04-26","supreme","","","","unknown","unknown","unknown","","unknown","unknown","unknown","unknown","unknown","unknown","","30","C","unread"
"1860954","1860954","Allstate Indem. Co. v. Hingson","808 So. 2d 197","SC01-33","2002-01-17","supreme","","","","Per curiam; Wells, C.J., Pariente, Lewis, Quince, JJ. Harding, J., dissents, joined by Shaw and Anstead, JJ.","4-3","1;3","9","unknown","unknown","unknown","unknown","unknown","unknown","disapproves Herzog v. K-Mart","22","C","read"
"1912574","1912574","White v. Steak and Ale of Florida, Inc.","816 So. 2d 546","SC01-96","2002-04-18","supreme","","","","Pariente, J.; Wells, C.J., Shaw, Anstead, Lewis, Quince, JJ., concur. Harding, J., concurring in part and dissenting in part","6-1","9","","unknown","unknown","unknown","unknown","unknown","unknown","","22","C","read"
"1713805","1713805","Standard Jury Inst.-Civ. Cases (01-1 & 01-2)","825 So. 2d 277","SC01-1205, SC01-2854","2002-06-06","supreme","","","","unknown","unknown","unknown","","unknown","unknown","unknown","unknown","unknown","unknown","","2","B","unread"
"1090776","1090776","Willis Shaw Express, Inc. v. Hilyer Sod, Inc.","849 So. 2d 276","SC02-1521","2003-03-13","supreme","","","","Wells, J.; Anstead, C.J., Pariente, Quince, Cantero, Bell, JJ., concur. Lewis, J., concurs in result only","6-1","1;2;3","","derogation","unknown","unknown","true","unknown","unknown","rehearing denied June 26, 2003","123","C","read"
"1831641","1831641","Sarkis v. Allstate Ins. Co.","863 So. 2d 210","SC02-428","2003-10-02","supreme","","","","Per curiam; Anstead, C.J., Lewis, Quince, Bell, JJ. Wells, J., concurring, joined by Bell, J. Pariente, J., dissenting. Cantero, J., recused","4-1","1;2;9","","derogation","unknown","unknown","unknown","unknown","unknown","","59","C","read"
"7821028","7762840","Amendments to the Florida Rules of Civil Procedure","858 So. 2d 1013","SC03-161","2003-10-23","supreme","","","","unknown","unknown","unknown","","unknown","unknown","unknown","unknown","unknown","unknown","","1","A","unread"
"1831568","1831568","D'Angelo v. Fitzmaurice","863 So. 2d 311","SC03-33, SC03-97","2003-11-26","supreme","","","","Bell, J.; Anstead, C.J., Wells, Pariente, Lewis, Quince, Cantero, JJ. Unanimous","7-0","","3;9","unknown","unknown","unknown","unknown","unknown","unknown","","99","C","read"
"1105967","1105967","Robinson v. Nationwide Mut. Fire Ins. Co.","887 So. 2d 328","SC03-1670","2004-10-28","supreme","","","","unknown","unknown","unknown","","unknown","unknown","unknown","unknown","unknown","unknown","","3","C","unread"
"1950924","1950924","Lamb v. Matetzschk","906 So. 2d 1037","SC03-1444","2005-06-23","supreme","","","","Quince, J.; Wells, Cantero, Bell, JJ., concur. Pariente, C.J., specially concurring, joined by Anstead and Lewis, JJ. Lewis, J., concurring in result only, with opinion","4-0+3","1;3","","unknown","unknown","unknown","unknown","unknown","unknown","superseded in part by rule 1.442(c)(4), 52 So. 3d 579 (Fla. 2010)","55","C","read"
"1882758","1882758","Wilson v. Salamon","923 So. 2d 363","SC04-140","2005-10-20","supreme","","","","unknown","unknown","unknown","","unknown","unknown","unknown","unknown","unknown","unknown","","57","C","unread"
"1899565","1899565","Saia Motor Freight Line, Inc. v. Reid","930 So. 2d 598","SC04-2443","2006-05-11","supreme","","","","Wells, J.; Quince, Cantero, Bell, JJ., concur. Pariente, C.J., dissenting, joined by Anstead and Lewis, JJ.","4-3","10","3","unknown","unknown","unknown","unknown","unknown","unknown","","66","C","read"
"1697927","1697927","State Farm Mut. Auto. Ins. Co. v. Nichols","932 So. 2d 1067","SC03-1483, SC03-1653","2006-06-01","supreme","","","","Cantero, J.; Pariente, C.J., Wells, Lewis, Bell, JJ., concur. Anstead, J., concurs in result only, joined by Quince, J.","5-2","4;5","","unknown","unknown","unknown","unknown","unknown","unknown","","121","C","read"
"1140885","1140885","Campbell v. Goldman","959 So. 2d 223","SC06-611","2007-06-14","supreme","","","","Quince, J.; Lewis, C.J., Wells, Cantero, JJ., concur. Pariente, J., specially concurring, joined by Anstead, J. Bell, J., concurring in result only, with opinion","4-2","1;2","","derogation","unknown","unknown","unknown","unknown","unknown","","53","C","read"
"1682609","1682609","In Re Amendments to Rules of Civ. Procedure","966 So. 2d 943","SC07-173","2007-09-27","supreme","","","","unknown","unknown","unknown","","unknown","unknown","unknown","unknown","unknown","unknown","","2","A","unread"
"1785275","1785275","Frosti v. Creel","979 So. 2d 912","SC07-122","2008-03-20","supreme","","","","Wells, J.; Lewis, C.J., Anstead, Pariente, Quince, Cantero, Bell, JJ. Unanimous","7-0","6;9;10","","unknown","unknown","unknown","unknown","unknown","unknown","","15","C","read"
"1786026","1786026","Massey v. David","979 So. 2d 931","SC07-776","2008-04-03","supreme","","","","unknown","unknown","","5","unknown","unknown","unknown","unknown","unknown","unknown","","36","C","read"
"1803982","1803982","Trytek v. Gale Industries, Inc.","997 So. 2d 365","SC07-1641","2008-12-11","supreme","","","","unknown","unknown","unknown","","unknown","unknown","unknown","unknown","unknown","unknown","","0","C","unread"
"1597901","1597901","Trytek v. Gale Industries, Inc. (on rehearing)","3 So. 3d 1194","SC07-1641","2009-02-26","supreme","","","","unknown","unknown","unknown","","unknown","unknown","unknown","unknown","unknown","unknown","","53","C","unread"
"1555417","9651885","Attorneys' Title Ins. Fund, Inc. v. Gorka","36 So. 3d 646","SC08-1899","2010-04-01","supreme","","","","Per curiam; Pariente, Lewis, Labarga, Perry, JJ. Polston, J., dissents, joined by Quince, C.J., and Canady, J.","4-3","1;4;8","3","unknown","unknown","unknown","unknown","unknown","unknown","narrowed by s 768.79(6), ch. 2022-271 (property insurers only)","42","C","read"
"2543738","2543738","In re Amendments to the Fla. Rules of Civil Procedure","52 So. 3d 579","SC10-148","2010-09-08","supreme","","","","unknown","unknown","unknown","","unknown","unknown","unknown","unknown","unknown","unknown","","16","A","unread"
"5049667","4863934","Mady v. DaimlerChrysler Corp.","59 So. 3d 1129","SC08-808","2011-03-24","supreme","","","","unknown","unknown","unknown","","unknown","unknown","unknown","unknown","unknown","unknown","","5","C","unread"
"5056323","4871147","Southeast Floating Docks, Inc. v. Auto-Owners Ins. Co.","82 So. 3d 73","SC11-285","2012-02-02","supreme","","","","Lewis, J.; Canady, C.J., Pariente, Quince, Polston, Labarga, JJ., concur. Perry, J., dissents","6-1","5","","unknown","unknown","unknown","unknown","unknown","unknown","","43","C","read"
"5061788","4877101","Shands Teaching Hosp. & Clinic, Inc. v. Mercury Ins. Co. of Fla.","97 So. 3d 204","SC09-2069","2012-06-07","supreme","","","","unknown","unknown","","9","unknown","unknown","unknown","unknown","unknown","unknown","","13","C","read"
"4986681","4796501","In re Amendments to the Fla. Family Law Rules of Procedure","101 So. 3d 360","SC11-2164","2012-10-04","supreme","","","","unknown","unknown","unknown","","unknown","unknown","unknown","unknown","unknown","unknown","","0","A","unread"
"4987045","4796894","In re Amendments to the Fla. Rules of Judicial Administration","102 So. 3d 505","SC10-2101","2012-10-18","supreme","","","","unknown","unknown","unknown","","unknown","unknown","unknown","unknown","unknown","unknown","","1","A","unread"
"4988617","4798625","Diamond Aircraft Industries, Inc. v. Horowitch","107 So. 3d 362","SC11-1371","2013-01-10","supreme","","","","Lewis, J.; Pariente, Quince, Labarga, Perry, JJ., concur. Polston, C.J., concurs in result. Canady, J., concurs in part and dissents in part","5-1","1;2;4;5","","derogation","unknown","unknown","unknown","unknown","unknown","","129","C","read"
"4990631","4800805","In re Amendments to Fla. Rule of Civil Procedure 1.442","112 So. 3d 1209","SC13-224","2013-04-11","supreme","","","","Per curiam; Polston, C.J., Pariente, Lewis, Quince, Canady, Labarga, Perry, JJ. Unanimous","7-0","","","unknown","unknown","unknown","","unknown","unknown","","0","A","read"
"4991892","4802198","Franks v. Bowers","116 So. 3d 1240","SC11-1258","2013-06-20","supreme","","","","unknown","unknown","unknown","","unknown","unknown","unknown","unknown","unknown","unknown","","6","C","unread"
"4997662","4808524","In re Amendments to the Fla. Rules of Civil Procedure","131 So. 3d 643","SC13-74","2013-11-14","supreme","","","","unknown","unknown","unknown","","unknown","unknown","unknown","unknown","unknown","unknown","","18","A","unread"
"2686871","2686871","Order","","SC12-157","2014-03-13","supreme","","","","unknown","unknown","unknown","","unknown","unknown","unknown","unknown","unknown","unknown","","0","B","unread"
"2689203","9800945","Advanced Chiropractic & Rehab. Ctr., Corp. v. United Auto. Ins. Co.","140 So. 3d 529","SC13-153","2014-05-29","supreme","","","","unknown","5-2","","5;10","unknown","unknown","unknown","unknown","unknown","unknown","","2","C","read"
"5004631","4816269","Hoang Dinh Duong v. Ziadie","153 So. 3d 354","4D11-1492","2014-12-17","dca","4","S2","single","Fla. 4th DCA","unknown","3;8","","unknown","unknown","unknown","unknown","unknown","unknown","","1","X","read"
"2794251","9806904","Audiffred v. Arnold","161 So. 3d 1274","SC12-2377","2015-04-16","supreme","","","","Lewis, J.; Labarga, C.J., Pariente, Quince, Perry, JJ., concur. Canady, J., dissents, joined by Polston, J. Companion to Pratt","5-2","3;4","","unknown","unknown","unknown","unknown","unknown","unknown","disapproves Andrews v. Frey","19","C","read"
"2794254","9806908","Pratt v. Weiss","161 So. 3d 1268","SC12-1783","2015-04-16","supreme","","","","Lewis, J.; Labarga, C.J., Pariente, Quince, Perry, JJ., concur. Canady, J., dissents, joined by Polston, J.","5-2","1;3","","unknown","unknown","unknown","unknown","unknown","unknown","","39","C","read"
"3180311","9821786","Fridman v. Safeco Ins. Co. of Illinois","185 So. 3d 1214","SC13-1607","2016-02-25","supreme","","","","unknown","unknown","unknown","","unknown","unknown","unknown","unknown","unknown","unknown","","50","C","unread"
"3188611","9822301","Paton v. Geico General Ins. Co.","190 So. 3d 1047","SC14-282","2016-03-24","supreme","","","","unknown","unknown","unknown","","unknown","unknown","unknown","unknown","unknown","unknown","","17","C","unread"
"4314140","4091401","Kuhajda v. Borden Dairy Co. of Alabama, LLC","202 So. 3d 391","SC15-1682","2016-10-20","supreme","","","","Canady, J.; Labarga, C.J., Pariente, Lewis, Quince, Perry, JJ., concur. Polston, J., concurs in result. Unanimous in result","7-0","1;2;4","","unknown","unknown","unknown","unknown","unknown","unknown","","45","C","read"
"4317987","4095248","Anderson v. Hilton Hotels Corp.","202 So. 3d 846","SC15-124","2016-11-03","supreme","","","","Lewis, J.; Labarga, C.J., Pariente, Quince, Perry, JJ., concur. Canady and Polston, JJ., concur in result. Unanimous in result","7-0","1;3;4;6;9","","unknown","unknown","unknown","unknown","unknown","unknown","","28","C","read"
"4375984","4153237","In re Amendments to Fla. Family Law Rules of Procedure","214 So. 3d 400","SC16-978","2017-03-16","supreme","","","","unknown","unknown","unknown","","unknown","unknown","unknown","unknown","unknown","unknown","","0","A","unread"
"4408574","4185827","Government Employees Ins. Co. v. Macedo","228 So. 3d 1111","SC16-935","2017-07-13","supreme","","","","unknown","unknown","unknown","","unknown","unknown","unknown","unknown","unknown","unknown","","44","C","unread"
"4435578","9878870","Joyce v. Federated National Ins. Co.","228 So. 3d 1122","SC16-103","2017-10-19","supreme","","","","unknown","unknown","unknown","","unknown","unknown","unknown","unknown","unknown","unknown","","33","C","unread"
"4498881","4276134","Koppel v. Ochoa","243 So. 3d 886","SC16-1474","2018-05-17","supreme","","","","Quince, J.; Labarga, C.J., Pariente, Lewis, Canady, Polston, Lawson, JJ. Unanimous","7-0","2;8;10","","unknown","unknown","unknown","unknown","unknown","unknown","","7","C","read"
"4538793","4316046","Odom v. R.J. Reynolds Tobacco Co.","254 So. 3d 268","SC17-563","2018-09-20","supreme","","","","unknown","unknown","unknown","","unknown","unknown","unknown","unknown","unknown","unknown","","15","C","unread"
"4540927","9887377","Allen v. Nunez","258 So. 3d 1207","SC16-1164","2018-10-04","supreme","","","","Lewis, J.; Pariente, Quince, Labarga, JJ., concur; Pariente, J., concurring with an opinion. Polston, J., dissenting, joined by Canady, C.J., and Lawson, J.","4-3","3;4","","unknown","unknown","unknown","unknown","unknown","unknown","","9","C","read"
"4543760","9887417","DeLisle v. Crane Co.","258 So. 3d 1219","SC16-2182","2018-10-15","supreme","","","","unknown","unknown","unknown","","unknown","unknown","unknown","unknown","unknown","unknown","","19","B","unread"
"4547133","4324386","In re Amendments to the Fla. Rules of Civil Procedure et al. - Electronic Service","257 So. 3d 66","SC17-882","2018-10-25","supreme","","","","unknown","unknown","unknown","","unknown","unknown","unknown","unknown","unknown","unknown","","3","A","unread"
"4581389","4358642","Wheaton v. Wheaton","261 So. 3d 1236","SC17-716","2019-01-04","supreme","","","","Quince, J.; Pariente, Lewis, Polston, Labarga, JJ., concur. Canady, C.J., concurs in result, joined by Lawson, J. No rehearing allowed","5-2","1;2","10","neither","unknown","unknown","false","unknown","unknown","","8","C","read"
"4745647","4525994","In re Amendments to the Fla. Rules of Civil Procedure - 2019 Regular-Cycle Report","","SC19-108","2020-04-16","supreme","","","","unknown","unknown","unknown","","unknown","unknown","unknown","unknown","unknown","unknown","","0","A","unread"
"5092491","4909876","CCM Condominium Ass'n v. Petri Positive Pest Control, Inc.","","SC19-861","2021-09-09","supreme","","","","Polston, J.; Labarga, Muniz, Couriel, Grosshans, JJ., concur. Canady, C.J., dissents, joined by Lawson, J.","5-2","9","","unknown","unknown","unknown","unknown","unknown","unknown","","0","C","read"
"5293195","5121757","In re Amendments to the Fla. Rules of Civil Procedure et al. (omnibus restyling) [duplicate cluster]","","SC21-1049","2021-10-28","supreme","","","","unknown","unknown","unknown","","unknown","unknown","unknown","unknown","unknown","unknown","","0","A","unread"
"5293658","5122220","In re Amendments to the Fla. Rules of Civil Procedure et al. (omnibus restyling)","","SC21-1049","2021-10-28","supreme","","","","unknown","unknown","unknown","","unknown","unknown","unknown","unknown","unknown","unknown","","0","A","unread"
"6472079","6344190","In re Amendments to Fla. Rule of Civil Procedure 1.442","","SC21-277","2022-05-26","supreme","","","","unknown","unknown","unknown","","unknown","unknown","unknown","unknown","unknown","unknown","","0","A","unread"
"8404436","8374779","Suarez Trucking FL Corp. v. Souders","","SC21-369","2022-10-20","supreme","","","","Per curiam; Muniz, C.J., Canady, Polston, Couriel, Grosshans, JJ. Canady, J., concurs with an opinion, joined by Polston, J. Labarga, J., dissents with an opinion. Francis, J., did not participate","5-1","1;8","","unknown","unknown","unknown","unknown","unknown","unknown","","0","C","read"
"9406669","9402145","Coates v. R.J. Reynolds Tobacco Co.","365 So. 3d 353","SC2021-0175","2023-06-15","supreme","","","","Grosshans, J.; Muniz, C.J., Canady, Couriel, Francis, JJ., concur. Labarga, J., concurs in result. Sasso, J., did not participate","5-0+1","1;2;6","","neither","unknown","unknown","unknown","unknown","unknown","","0","C","read"
"10750922","11217507","In re Amendments to Fla. Rule of Civil Procedure 1.442 and Forms 1.902 and 1.938","","SC2025-0045","2025-11-13","supreme","","","","Per curiam; Muniz, C.J., Canady, Labarga, Couriel, Grosshans, Francis, Sasso, JJ. Unanimous","7-0","3","","unknown","unknown","unknown","","unknown","unknown","(c)(3) re-adopted with only shall->must; Committee Notes [No Change]","0","A","read"
"10883903","11351431","Trace Elements, Inc. v. MacKensen","","SC2024-1274","2026-07-02","supreme","","","","Muniz, J.; Couriel, C.J., Labarga, Grosshans, JJ., concur. Sasso, J., dissents, joined by Francis and Tanenbaum, JJ.","4-3","1;2;3","","derogation","unknown","unknown","false","unknown","unknown","NOT FINAL - rehearing pending as of 2026-08-04; no mandate","0","C","read"
